{
  "mfcc_mean": [
    -458.1548767089844,
    85.84791564941406,
    9.82152271270752,
    17.663410186767578,
    -11.881625175476074,
    -18.829374313354492,
    -17.30870246887207,
    -18.770761489868164,
    -15.459189414978027,
    -2.8211939334869385,
    -17.660619735717773,
    -5.151613235473633,
    -13.189884185791016
  ],
  "mfcc_std": [
    107.75194549560547,
    84.89253997802734,
    46.80866241455078,
    36.206809997558594,
    25.58781623840332,
    27.214229583740234,
    20.544307708740234,
    18.33726692199707,
    15.802972793579102,
    13.696370124816895,
    14.225265502929688,
    12.637076377868652,
    13.495135307312012
  ],
  "f0_mean": 2.1918962001800537,
  "f0_std": 0.26017114520072937,
  "mfcc_columns": [
    "mfcc_0",
    "mfcc_1",
    "mfcc_2",
    "mfcc_3",
    "mfcc_4",
    "mfcc_5",
    "mfcc_6",
    "mfcc_7",
    "mfcc_8",
    "mfcc_9",
    "mfcc_10",
    "mfcc_11",
    "mfcc_12"
  ]
}